t,target
2025-06-16T10:48+08:00,2030-06-29T20:00:00+08:00
2025-06-16T10:49+08:00,2030-06-29T20:00:00.500000+08:00
2025-06-16T11:12+08:00,2030-06-29T19:55:00.500000+08:00
2025-06-16T11:30+08:00,2030-06-29T19:46:40.500000+08:00
2025-06-16T11:39+08:00,2030-06-29T19:30:00.500000+08:00
2025-06-16T11:48+08:00,2030-06-29T19:05:00.500000+08:00
2025-06-16T11:59+08:00,2030-06-29T18:31:40.500000+08:00
2025-06-16T12:19+08:00,2030-06-29T17:41:40.500000+08:00
2025-06-16T12:29+08:00,2030-06-29T16:18:20.500000+08:00
2025-06-16T12:48+08:00,2030-06-29T13:31:40.500000+08:00
2025-06-16T12:56+08:00,2030-06-29T16:18:20.500000+08:00
2025-06-16T13:02+08:00,2030-06-29T19:05:00.500000+08:00
2025-06-16T13:09+08:00,2030-06-29T20:05:00.500000+08:00
2025-06-16T13:17+08:00,2030-06-29T21:28:20.500000+08:00
2025-06-16T13:23+08:00,2030-06-30T00:15:00.500000+08:00
2025-06-16T13:42+08:00,2030-06-30T14:08:20.500000+08:00
2025-06-16T13:55+08:00,2030-06-30T20:00:00+08:00
2025-06-16T18:53:01+08:00,2030-06-30T19:00:00+08:00
2025-06-16T19:00:30+08:00,2030-06-30T18:50:00+08:00
2025-06-16T19:15:49+08:00,2030-06-30T18:45:00+08:00
2025-06-16T19:25:32+08:00,2030-06-30T20:00:00+08:00
2025-06-16T20:28:08+08:00,2030-06-30T19:55:00+08:00
2025-06-16T20:35:28+08:00,2030-06-30T19:45:00+08:00
2025-06-16T20:51:20+08:00,2030-06-30T19:40:00+08:00
2025-06-16T21:00:34+08:00,2030-06-30T19:37:00+08:00
2025-06-16T21:16:06+08:00,2030-06-30T19:36:00+08:00
2025-06-16T21:22:50+08:00,2030-06-30T19:35:30+08:00
2025-06-16T21:33:51+08:00,2030-06-30T19:35:15+08:00
2025-06-16T21:48:13+08:00,2030-06-29T19:35:15+08:00
2025-06-16T21:52:01+08:00,2030-06-28T19:35:15+08:00
2025-06-16T22:04:26+08:00,2030-06-27T19:35:15+08:00
2025-06-16T22:19:51+08:00,2030-06-27T07:35:15+08:00
2025-06-16T22:32:23+08:00,2030-06-27T01:35:15+08:00
2025-06-16T22:50:09+08:00,2030-06-27T01:05:15+08:00
2025-06-16T23:00:21+08:00,2030-06-27T02:05:15+08:00
2025-06-16T23:09:57+08:00,2030-06-27T00:05:15+08:00
2025-06-16T23:13:03+08:00,2030-06-25T00:05:15+08:00
2025-06-16T23:26:46+08:00,2030-06-21T00:05:15+08:00
2025-06-16T23:43:48+08:00,2030-06-19T00:05:15+08:00
2025-06-16T23:55:21+08:00,2030-06-18T00:05:15+08:00
2025-06-17T00:05:52+08:00,2030-06-18T01:05:15+08:00
2025-06-17T00:12:54+08:00,2030-06-17T23:05:15+08:00
2025-06-17T00:29:05+08:00,2030-06-17T19:05:15+08:00
2025-06-17T00:47:14+08:00,2030-06-15T19:05:15+08:00
2025-06-17T00:51:24+08:00,2030-06-11T19:05:15+08:00
2025-06-17T01:09:52+08:00,2030-06-05T19:05:15+08:00
2025-06-17T01:28:28+08:00,2030-05-28T19:05:15+08:00
2025-06-17T01:44:41+08:00,2030-05-14T19:05:15+08:00
2025-06-17T01:48:52+08:00,2030-05-12T19:05:15+08:00
2025-06-17T02:02:32+08:00,2030-05-11T19:05:15+08:00
2025-06-17T02:17:26+08:00,2030-05-09T19:05:15+08:00
2025-06-17T02:23:35+08:00,2030-05-03T19:05:15+08:00
2025-06-17T02:39:54+08:00,2030-05-01T19:05:15+08:00
2025-06-17T02:52:30+08:00,2030-04-29T19:05:15+08:00
2025-06-17T03:08:52+08:00,2030-04-25T19:05:15+08:00
2025-06-17T03:21:41+08:00,2030-04-19T19:05:15+08:00
2025-06-17T03:31:41+08:00,2030-04-11T19:05:15+08:00
2025-06-17T03:36:41+08:00,2030-04-01T19:05:15+08:00
2025-06-17T03:46:55+08:00,2030-03-20T19:05:15+08:00
2025-06-17T04:06:53+08:00,2030-03-06T19:05:15+08:00
2025-06-17T04:20:33+08:00,2030-02-18T19:05:15+08:00
2025-06-17T04:23:53+08:00,2030-01-31T19:05:15+08:00
2025-06-17T04:39:50+08:00,2030-01-11T19:05:15+08:00
2025-06-17T04:50:53+08:00,2029-12-20T19:05:15+08:00
2025-06-17T05:03:09+08:00,2029-11-26T19:05:15+08:00
2025-06-17T05:17:51+08:00,2029-10-31T19:05:15+08:00
2025-06-17T05:32:01+08:00,2029-10-03T19:05:15+08:00
2025-06-17T05:44:59+08:00,2029-09-03T19:05:15+08:00
2025-06-17T05:56:08+08:00,2029-08-02T19:05:15+08:00
2025-06-17T06:15:08+08:00,2029-06-29T19:05:15+08:00
2025-06-17T06:20:36+08:00,2029-05-24T19:05:15+08:00
2025-06-17T06:36:35+08:00,2029-04-16T19:05:15+08:00
2025-06-17T06:48:13+08:00,2029-03-07T19:05:15+08:00
2025-06-17T07:05:45+08:00,2029-01-24T19:05:15+08:00
2025-06-17T07:09:30+08:00,2028-12-11T19:05:15+08:00
2025-06-17T07:17:34+08:00,2028-10-26T19:05:15+08:00
2025-06-17T07:26:30+08:00,2028-09-08T19:05:15+08:00
2025-06-17T07:41:55+08:00,2028-07-20T19:05:15+08:00
2025-06-17T07:54:19+08:00,2028-05-29T19:05:15+08:00
2025-06-17T08:01:56+08:00,2028-04-05T19:05:15+08:00
2025-06-17T08:16:02+08:00,2028-02-09T19:05:15+08:00
2025-06-17T08:23:12+08:00,2027-12-13T19:05:15+08:00
2025-06-17T08:30:19+08:00,2027-10-14T19:05:15+08:00
2025-06-17T08:44:09+08:00,2027-08-13T19:05:15+08:00
2025-06-17T08:50:45+08:00,2027-06-10T19:05:15+08:00
2025-06-17T09:01:42+08:00,2027-04-05T19:05:15+08:00
2025-06-17T09:19:22+08:00,2027-01-27T19:05:15+08:00
2025-06-17T09:26:38+08:00,2026-11-18T19:05:15+08:00
2025-06-17T09:34:08+08:00,2026-09-07T19:05:15+08:00
2025-06-17T09:52:35+08:00,2026-06-25T19:05:15+08:00
2025-06-17T10:00:04+08:00,2026-04-10T19:05:15+08:00
2025-06-17T10:18:29+08:00,2026-01-22T19:05:15+08:00
2025-06-17T10:31:30+08:00,2025-11-03T19:05:15+08:00
2025-06-17T10:34:45+08:00,2025-08-13T19:05:15+08:00
